<?xml version="1.0" encoding="UTF-8"?>
<futbolistas>
    <futbolista id = "1">
        <nombre>Lionel Messi</nombre>
        <equipo>Inter Miami</equipo>
        <ano>2023</ano>
        <posicion>Delantero</posicion>
    </futbolista>
    <futbolista id = "2">
        <nombre>Cristiano Ronaldo</nombre>
        <equipo>Al-Nassr</equipo>
        <ano>2023</ano>
        <posicion>Delantero</posicion>
    </futbolista>
    <futbolista id = "3">
        <nombre>Kylian Mbappé</nombre>
        <equipo>Paris Saint-Germain</equipo>
        <ano>2023</ano>
        <posicion>Delantero</posicion>
    </futbolista>
</futbolistas>
